{
    "name": "LeftHandOnHead",
    "index": 8,
    "basekeypoints": "left_shoulder",
    "list_corekeypoints": [
        "left_elbow",
        "left_wrist",
        "left_eye"
    ],
    "value_dict": {
        "left_elbow": [
            -95.6089096069336,
            -22.876571655273438
        ],
        "left_wrist": [
            -6.1168212890625,
            -107.35348510742188
        ],
        "left_eye": [
            73.0457763671875,
            -131.6073226928711
        ]
    },
    "model_raw_results": [
        [
            [
                275.433837890625,
                120.6472396850586,
                0.9042065739631653
            ],
            [
                292.420654296875,
                103.87469482421875,
                0.8779480457305908
            ],
            [
                254.53700256347656,
                105.5420150756836,
                0.8516485691070557
            ],
            [
                314.9591369628906,
                121.27129364013672,
                0.792691171169281
            ],
            [
                225.8372802734375,
                130.5172119140625,
                0.8479291796684265
            ],
            [
                370.3348388671875,
                235.969970703125,
                0.810490608215332
            ],
            [
                181.49122619628906,
                237.1493377685547,
                0.7363478541374207
            ],
            [
                402.9308166503906,
                372.8998107910156,
                0.8033679127693176
            ],
            [
                85.88231658935547,
                214.27276611328125,
                0.6401187777519226
            ],
            [
                407.99224853515625,
                490.28631591796875,
                0.7796467542648315
            ],
            [
                175.37440490722656,
                129.7958526611328,
                0.49626338481903076
            ],
            [
                338.402099609375,
                530.1600952148438,
                0.7022714018821716
            ],
            [
                231.7110137939453,
                538.7454223632812,
                0.6358159184455872
            ],
            [
                436.0326232910156,
                656.987060546875,
                0.3747253715991974
            ],
            [
                258.5108947753906,
                663.14404296875,
                0.3972640931606293
            ],
            [
                343.6752014160156,
                604.1337890625,
                0.107921302318573
            ],
            [
                226.4638671875,
                619.605224609375,
                0.14401663839817047
            ]
        ]
    ]
}