{
    "name": "LeftHandOnShoulder",
    "index": 10,
    "basekeypoints": "left_shoulder",
    "list_corekeypoints": [
        "left_elbow",
        "left_wrist",
        "right_shoulder"
    ],
    "value_dict": {
        "left_elbow": [
            7.4216461181640625,
            81.56442260742188
        ],
        "left_wrist": [
            109.91059875488281,
            -0.9780426025390625
        ],
        "right_shoulder": [
            172.7346954345703,
            -5.5809173583984375
        ]
    },
    "model_raw_results": [
        [
            [
                276.4742126464844,
                143.39695739746094,
                0.8788204789161682
            ],
            [
                293.03582763671875,
                126.91315460205078,
                0.849463164806366
            ],
            [
                258.25244140625,
                127.59619140625,
                0.7977160215377808
            ],
            [
                320.0114440917969,
                142.45985412597656,
                0.7811644673347473
            ],
            [
                232.85435485839844,
                152.9720458984375,
                0.8788448572158813
            ],
            [
                371.2347412109375,
                250.89207458496094,
                0.7596381902694702
            ],
            [
                198.5000457763672,
                256.4729919433594,
                0.7830730676651001
            ],
            [
                399.1536865234375,
                397.85394287109375,
                0.49360114336013794
            ],
            [
                205.92169189453125,
                338.03741455078125,
                0.39485979080200195
            ],
            [
                398.6139221191406,
                529.7501831054688,
                0.5223445892333984
            ],
            [
                308.41064453125,
                255.4949493408203,
                0.3797589838504791
            ],
            [
                341.5793762207031,
                551.2565307617188,
                0.621192455291748
            ],
            [
                237.31536865234375,
                554.8487548828125,
                0.5931186079978943
            ],
            [
                379.698486328125,
                676.8093872070312,
                0.28313589096069336
            ],
            [
                254.7869110107422,
                677.1364135742188,
                0.28342244029045105
            ],
            [
                336.6595153808594,
                606.1551513671875,
                0.13332237303256989
            ],
            [
                251.12417602539062,
                690.7609252929688,
                0.15880371630191803
            ]
        ]
    ]
}