{
    "name": "RightHandOnHead",
    "index": 7,
    "basekeypoints": "right_shoulder",
    "list_corekeypoints": [
        "right_elbow",
        "right_wrist",
        "right_eye"
    ],
    "value_dict": {
        "right_elbow": [
            83.32156372070312,
            -85.59181213378906
        ],
        "right_wrist": [
            -33.407562255859375,
            -150.03038024902344
        ],
        "right_eye": [
            -87.55984497070312,
            -114.21543884277344
        ]
    },
    "model_raw_results": [
        [
            [
                274.7242431640625,
                188.35626220703125,
                0.7836657166481018
            ],
            [
                290.30975341796875,
                176.10951232910156,
                0.7912473082542419
            ],
            [
                258.0879821777344,
                176.858642578125,
                0.852362334728241
            ],
            [
                324.2039794921875,
                189.70733642578125,
                0.7033622860908508
            ],
            [
                232.2958526611328,
                195.060302734375,
                0.9136974215507507
            ],
            [
                377.8695983886719,
                290.324951171875,
                0.6842204928398132
            ],
            [
                196.73757934570312,
                321.5083923339844,
                0.836056113243103
            ],
            [
                461.191162109375,
                204.73313903808594,
                0.9179070591926575
            ],
            [
                171.61669921875,
                478.078369140625,
                0.6973342299461365
            ],
            [
                344.4620361328125,
                140.29457092285156,
                0.6834735870361328
            ],
            [
                166.31817626953125,
                616.4384765625,
                0.6749582290649414
            ],
            [
                349.59136962890625,
                602.505615234375,
                0.70993971824646
            ],
            [
                236.7381591796875,
                607.3173217773438,
                0.6752757430076599
            ],
            [
                359.1487731933594,
                686.699462890625,
                0.21568432450294495
            ],
            [
                241.6408233642578,
                733.0852661132812,
                0.20935723185539246
            ],
            [
                339.2440185546875,
                707.8977661132812,
                0.0704924613237381
            ],
            [
                236.7810516357422,
                696.6248168945312,
                0.09239350259304047
            ]
        ]
    ]
}