{
    "name": "RightHandOnShoulder",
    "index": 11,
    "basekeypoints": "right_shoulder",
    "list_corekeypoints": [
        "right_elbow",
        "right_wrist",
        "left_shoulder"
    ],
    "value_dict": {
        "right_elbow": [
            6.30242919921875,
            90.78425598144531
        ],
        "right_wrist": [
            -111.33969116210938,
            31.734481811523438
        ],
        "left_shoulder": [
            -167.52532958984375,
            24.355514526367188
        ]
    },
    "model_raw_results": [
        [
            [
                295.033447265625,
                140.19715881347656,
                0.9467244148254395
            ],
            [
                309.3961486816406,
                124.31151580810547,
                0.8151184320449829
            ],
            [
                276.8544921875,
                127.41864776611328,
                0.7784125208854675
            ],
            [
                329.6065673828125,
                138.547607421875,
                0.7368432283401489
            ],
            [
                247.20993041992188,
                147.09312438964844,
                0.9661720991134644
            ],
            [
                375.31146240234375,
                236.7198028564453,
                0.8528457880020142
            ],
            [
                207.7861328125,
                261.0753173828125,
                0.7614902257919312
            ],
            [
                381.6138916015625,
                327.5040588378906,
                0.7661730647087097
            ],
            [
                195.68112182617188,
                376.4047546386719,
                0.6786642074584961
            ],
            [
                263.9717712402344,
                268.45428466796875,
                0.826382577419281
            ],
            [
                187.40113830566406,
                532.1914672851562,
                0.18391890823841095
            ],
            [
                352.4394836425781,
                533.8072509765625,
                0.6496927738189697
            ],
            [
                247.0326385498047,
                536.0697021484375,
                0.6480777859687805
            ],
            [
                352.3633728027344,
                687.654541015625,
                0.42376479506492615
            ],
            [
                255.85989379882812,
                664.045166015625,
                0.4407426416873932
            ],
            [
                368.4330749511719,
                660.0051879882812,
                0.06728983670473099
            ],
            [
                267.84613037109375,
                684.8502807617188,
                0.08894148468971252
            ]
        ]
    ]
}