{
    "name": "Stand",
    "index": 0,
    "basekeypoints": "right_shoulder",
    "list_corekeypoints": [
        "right_wrist",
        "left_shoulder",
        "right_shoulder",
        "left_wrist"
    ],
    "value_dict": {
        "right_wrist": [
            23.867767333984375,
            272.8358459472656
        ],
        "left_shoulder": [
            -184.73086547851562,
            8.88592529296875
        ],
        "right_shoulder": [
            0.0,
            0.0
        ],
        "left_wrist": [
            -214.02565002441406,
            293.1150207519531
        ]
    },
    "model_raw_results": [
        [
            [
                287.092529296875,
                147.40980529785156,
                0.862591564655304
            ],
            [
                305.2139892578125,
                131.36959838867188,
                0.930418848991394
            ],
            [
                266.6288757324219,
                130.4725341796875,
                0.9191045761108398
            ],
            [
                328.6712341308594,
                143.06463623046875,
                0.7855574488639832
            ],
            [
                234.6842498779297,
                145.6902618408203,
                0.7967424988746643
            ],
            [
                375.87322998046875,
                265.0747375488281,
                0.9111632108688354
            ],
            [
                191.14236450195312,
                273.9606628417969,
                0.7801617383956909
            ],
            [
                402.777099609375,
                408.2441711425781,
                0.7381529211997986
            ],
            [
                160.2334442138672,
                418.5533752441406,
                0.5602231025695801
            ],
            [
                399.7409973144531,
                537.9105834960938,
                0.842619001865387
            ],
            [
                161.8475799560547,
                558.1897583007812,
                0.5502620935440063
            ],
            [
                340.2568664550781,
                561.7615356445312,
                0.6520771980285645
            ],
            [
                226.9082489013672,
                561.395263671875,
                0.6574146151542664
            ],
            [
                344.91754150390625,
                709.9044799804688,
                0.45182478427886963
            ],
            [
                235.68846130371094,
                686.5445556640625,
                0.4524686932563782
            ],
            [
                347.6974792480469,
                707.1156616210938,
                0.09468540549278259
            ],
            [
                249.3907928466797,
                696.4429931640625,
                0.06854298710823059
            ]
        ]
    ]
}